Country,2005 Sales,2006 Sales,2007 Sales,2008 Sales,2009 Sales,2010 Sales,2011 Sales,2012 Sales,2013 Sales,2014 Sales,2015 Sales,2016 Sales,2017 Sales,2018 Sales,2019 Sales,2020 Sales,2021 Sales,2022 Sales,Total Sales,Average Sales
China,3971101.0,5175961.0,6297538.0,6755609.0,10331315.0,13757794.0,14472416.0,15495240.0,17927730.0,19707677.0,21210339.0,24376902.0,24718321.0,23709782.0,21472092.0,20177731.0,21481537.0,23563287.0,294602372.0,16366798.444444444
India,1106863.0,1311373.0,1511812.0,1545414.0,1816878.0,2387197.0,2510313.0,2781919.0,2553979.0,2570736.0,2772270.0,2966637.0,3229109.0,3394756.0,2962115.0,2433464.0,3082279.0,3792356.0,44729470.0,2484970.5555555555
Japan,4748482.0,4612318.0,4325508.0,4184266.0,3905310.0,4203181.0,3509036.0,4572333.0,4562282.0,4699591.0,4215889.0,4146459.0,4386378.0,4391160.0,4301091.0,3809977.0,3675698.0,3448297.0,75697256.0,4205403.111111111
Usa,7659983.0,7761592.0,7562334.0,6769107.0,5400890.0,5635432.0,6089403.0,7241900.0,7585341.0,7749432.0,7516826.0,6872729.0,6080229.0,5303580.0,4719710.0,3401838.0,3350050.0,2858575.0,109558951.0,6086608.388888889
Germany,3319259.0,3467961.0,3148163.0,3090040.0,3807175.0,2916259.0,3173634.0,3082504.0,2952431.0,3036773.0,3206042.0,3351607.0,3441262.0,3435778.0,3607258.0,2917678.0,2622132.0,2651357.0,57227313.0,3179295.1666666665
Uk,2439717.0,2344864.0,2404007.0,2131795.0,1994999.0,2030846.0,1941253.0,2044609.0,2264737.0,2476435.0,2633503.0,2692786.0,2540617.0,2367147.0,2311140.0,1631064.0,1647181.0,1614063.0,39510763.0,2195042.388888889
Brazil,1439822.0,1632947.0,2085718.0,2341300.0,2643862.0,2856540.0,2901647.0,3115223.0,3040783.0,2794687.0,2123009.0,1676722.0,1856450.0,2101884.0,2262069.0,1615942.0,1558467.0,1576666.0,39623738.0,2201318.777777778
France,2118042.0,2045745.0,2109672.0,2091369.0,2302398.0,2251669.0,2204229.0,1898760.0,1790456.0,1795885.0,1917226.0,2015177.0,2110748.0,2173481.0,2214280.0,1650126.0,1659005.0,1532035.0,35880303.0,1993350.1666666667
South Korea,893159.0,932650.0,1010790.0,1017595.0,1221118.0,1237482.0,1293501.0,1256403.0,1243868.0,1359834.0,1533670.0,1533813.0,1526660.0,1525150.0,1497035.0,1618333.0,1468873.0,1420486.0,23590420.0,1310578.888888889
Italy,2244108.0,2335462.0,2494115.0,2161359.0,2159465.0,1961580.0,1749740.0,1403010.0,1304648.0,1360578.0,1575737.0,1824968.0,1970497.0,1910025.0,1916949.0,1381496.0,1456674.0,1316919.0,32527330.0,1807073.888888889
Spain,1528877.0,1634608.0,1614835.0,1161176.0,952772.0,982015.0,808051.0,699589.0,722689.0,890125.0,1094077.0,1147007.0,1234932.0,1321438.0,1258249.0,851213.0,859476.0,813374.0,19574503.0,1087472.388888889
Indonesia,364319.0,222387.0,314769.0,425267.0,359367.0,541475.0,602291.0,780785.0,880032.0,863268.0,755566.0,834920.0,833681.0,878595.0,785539.0,388925.0,659809.0,783563.0,11274558.0,626364.3333333334
Australia,608804.0,598394.0,637019.0,596765.0,540562.0,592122.0,559314.0,576855.0,566454.0,531596.0,924154.0,927274.0,915658.0,873713.0,799263.0,676804.0,753256.0,777688.0,12455695.0,691983.0555555555
Russia,1520225.0,1911240.0,2514920.0,2897459.0,1465742.0,1912794.0,2653688.0,2755384.0,2649181.0,2333067.0,1282740.0,1239680.0,1448700.0,1606676.0,1567809.0,1433956.0,1483444.0,629923.0,33306628.0,1850368.2222222222
Turkey,438597.0,373219.0,357465.0,305998.0,369819.0,509784.0,593519.0,556280.0,664655.0,587331.0,725596.0,756938.0,722759.0,486321.0,387256.0,610109.0,561853.0,592660.0,9600159.0,533342.1666666666
Malaysia,410892.0,374169.0,442885.0,497459.0,486342.0,543594.0,535113.0,552189.0,576657.0,588348.0,591275.0,514545.0,514680.0,533201.0,550182.0,480965.0,452663.0,544838.0,9189997.0,510555.3888888889
Saudi Arabia,407000.0,399300.0,403600.0,400000.0,390000.0,450000.0,460000.0,540000.0,570000.0,632700.0,672300.0,549400.0,424216.0,340218.0,460373.0,387709.0,475837.0,519485.0,8482138.0,471229.8888888889
Mexico,714010.0,680946.0,641394.0,589045.0,439120.0,503748.0,592101.0,649333.0,698217.0,745250.0,892194.0,1065912.0,984262.0,883043.0,764175.0,532097.0,520112.0,486962.0,12381921.0,687884.5
Poland,207007.0,224728.0,277427.0,319190.0,276220.0,315855.0,277427.0,272719.0,289913.0,327709.0,354975.0,416123.0,486352.0,531889.0,555598.0,428347.0,446647.0,419749.0,6427875.0,357104.1666666667
Taiwan,325840.0,218610.0,213327.0,141161.0,187262.0,208300.0,235205.0,211578.0,211824.0,235480.0,212236.0,206092.0,399885.0,389328.0,159492.0,191337.0,382000.0,375841.0,4504798.0,250266.55555555556
Belgium,480088.0,526141.0,524795.0,535947.0,476194.0,547340.0,572211.0,486737.0,486065.0,482939.0,501066.0,539519.0,546558.0,549632.0,550008.0,424492.0,383123.0,366333.0,8979188.0,498843.77777777775
South Africa,419868.0,481558.0,434653.0,329262.0,258129.0,337130.0,396292.0,440002.0,450561.0,439264.0,412670.0,361289.0,361289.0,365242.0,355378.0,247571.0,304340.0,363696.0,6758194.0,375455.22222222225
Thailand,178291.0,184544.0,172321.0,226805.0,230037.0,346644.0,360441.0,660214.0,631225.0,369826.0,356063.0,328053.0,665871.0,729709.0,468638.0,343494.0,312200.0,343349.0,6907725.0,383762.5
Netherlands,465196.0,483999.0,504300.0,499980.0,387699.0,482531.0,555812.0,502544.0,416717.0,387569.0,449350.0,382825.0,414306.0,443531.0,446057.0,357996.0,324336.0,313609.0,7818357.0,434353.1666666667
Chile,140000.0,140000.0,180000.0,181523.0,130753.0,212336.0,245116.0,257013.0,286588.0,256160.0,212023.0,228909.0,276785.0,315326.0,260683.0,194128.0,304045.0,313589.0,4134977.0,229720.94444444444
Sweden,274301.0,282766.0,306794.0,253982.0,213408.0,289684.0,304984.0,279899.0,269599.0,303948.0,345108.0,372318.0,379393.0,353729.0,356036.0,292024.0,301006.0,288087.0,5467066.0,303725.8888888889
Vietnam,24888.0,23335.0,40115.0,50877.0,62722.0,57778.0,64564.0,44070.0,59857.0,79813.0,117288.0,159501.0,152799.0,197752.0,229539.0,215908.0,207693.0,283352.0,2071851.0,115102.83333333333
Argentina,290648.0,336296.0,422230.0,452539.0,373231.0,522591.0,673853.0,596397.0,684379.0,432696.0,480952.0,525757.0,663550.0,610943.0,282299.0,223438.0,241619.0,260876.0,8074294.0,448571.8888888889
Canada,847436.0,858826.0,841585.0,872720.0,729023.0,694349.0,681956.0,748530.0,755615.0,760449.0,712322.0,661088.0,639824.0,577711.0,496846.0,318750.0,320605.0,258483.0,11776118.0,654228.7777777778
Israel,130000.0,130000.0,200000.0,170000.0,160000.0,200000.0,210000.0,190000.0,200000.0,228000.0,247300.0,276900.0,271134.0,257465.0,239671.0,202366.0,272646.0,257743.0,3843225.0,213512.5
Philippines,35063.0,38131.0,41107.0,44313.0,46111.0,59623.0,57768.0,64165.0,76822.0,90287.0,116381.0,133188.0,295459.0,252848.0,258555.0,153833.0,180642.0,226403.0,2170699.0,120594.38888888889
Switzerland,266770.0,269421.0,284674.0,288525.0,266018.0,294239.0,318958.0,328139.0,307885.0,301942.0,323783.0,317318.0,311996.0,299135.0,311466.0,236828.0,238481.0,226006.0,5191584.0,288421.3333333333
Austria,307915.0,308594.0,298182.0,293697.0,319403.0,328563.0,356145.0,336010.0,319035.0,303318.0,308555.0,329604.0,353320.0,341068.0,320381.0,257721.0,239803.0,215050.0,5536364.0,307575.77777777775
Colombia,120000.0,160000.0,200000.0,180000.0,170000.0,250000.0,250000.0,240000.0,238800.0,265100.0,236800.0,215700.0,206336.0,220088.0,220581.0,85282.0,200914.0,208160.0,3667761.0,203764.5
Czechia,151699.0,156686.0,174456.0,182554.0,167708.0,169580.0,173595.0,174009.0,164736.0,192314.0,230857.0,259693.0,271595.0,261437.0,249915.0,202971.0,206876.0,192087.0,3582768.0,199042.66666666666
Pakistan,141326.0,160256.0,159457.0,127863.0,94437.0,130038.0,140184.0,136026.0,121122.0,123950.0,182231.0,177222.0,203314.0,217392.0,162689.0,104387.0,198921.0,188318.0,2769133.0,153840.72222222222
Norway,109907.0,109164.0,129195.0,110617.0,98675.0,127754.0,138345.0,137967.0,142151.0,144202.0,150686.0,154603.0,158650.0,147929.0,133964.0,124424.0,176276.0,174329.0,2468838.0,137157.66666666666
Ua Emirates,137000.0,150000.0,135000.0,191544.0,90238.0,136979.0,193268.0,211500.0,206700.0,206700.0,214000.0,166400.0,0.0,0.0,198520.0,129901.0,156780.0,171414.0,2695944.0,149774.66666666666
Portugal,206488.0,194702.0,201816.0,213389.0,161013.0,223464.0,153404.0,95309.0,105921.0,142826.0,178503.0,207345.0,222129.0,228327.0,223799.0,145417.0,149740.0,156304.0,3209896.0,178327.55555555556
Uzbekistan,28500.0,31100.0,31700.0,43000.0,45000.0,43500.0,48000.0,45000.0,45500.0,46000.0,46000.0,43900.0,46000.0,47500.0,147827.0,146250.0,138377.0,153750.0,1176904.0,65383.555555555555
Denmark,148819.0,156936.0,162686.0,150199.0,112454.0,153858.0,170036.0,170763.0,182086.0,189055.0,207717.0,222924.0,221821.0,218566.0,225581.0,198130.0,185324.0,148293.0,3225248.0,179180.44444444444
Morocco,56183.0,75295.0,90941.0,102095.0,93761.0,91119.0,99727.0,117818.0,108177.0,109649.0,120875.0,152324.0,155306.0,163223.0,148354.0,117046.0,154284.0,143265.0,2099442.0,116635.66666666667
Egypt,94538.0,132373.0,179149.0,203729.0,158926.0,192848.0,210300.0,222700.0,220000.0,273500.0,258400.0,214800.0,100533.0,145873.0,127443.0,167792.0,215072.0,133857.0,3251833.0,180657.38888888888
Romania,214967.0,247411.0,312533.0,285506.0,116016.0,94441.0,81709.0,66436.0,57710.0,82809.0,98325.0,115004.0,105083.0,129004.0,161562.0,126351.0,120804.0,127948.0,2543619.0,141312.16666666666
Peru,14231.0,20061.0,28430.0,55312.0,48775.0,73858.0,93055.0,128295.0,139453.0,140363.0,137039.0,133671.0,134623.0,115441.0,115241.0,81496.0,111436.0,118915.0,1689695.0,93871.94444444444
New Zealand,77825.0,76804.0,77454.0,73397.0,54404.0,62029.0,63471.0,76871.0,82433.0,90131.0,94964.0,102514.0,107951.0,107674.0,103610.0,80433.0,111299.0,116334.0,1559598.0,86644.33333333333
Hungary,198982.0,187676.0,171661.0,153278.0,60189.0,43476.0,45094.0,53059.0,56139.0,67476.0,77171.0,96552.0,116265.0,136601.0,157900.0,128021.0,121920.0,111524.0,1982984.0,110165.77777777778
Greece,269728.0,267669.0,279745.0,267295.0,219730.0,141501.0,97680.0,58482.0,58694.0,71218.0,75805.0,78873.0,88083.0,103431.0,114109.0,80977.0,100916.0,105283.0,2479219.0,137734.38888888888
Ireland,171742.0,178484.0,186325.0,151607.0,57453.0,88446.0,89911.0,79498.0,74367.0,96284.0,124804.0,146600.0,131332.0,125557.0,117109.0,88324.0,104669.0,105253.0,2117765.0,117653.61111111111
Ecuador,54342.0,58900.0,58334.0,69556.0,60596.0,90250.0,94297.0,80644.0,74169.0,78495.0,52101.0,44816.0,94635.0,105046.0,97572.0,61746.0,86740.0,100069.0,1362308.0,75683.77777777778
Kazakhstan,39800.0,39000.0,39400.0,39000.0,40000.0,24000.0,38348.0,86959.0,153664.0,151424.0,81500.0,86707.0,41915.0,52836.0,77324.0,100595.0,0.0,97169.0,1189641.0,66091.16666666667
Kuwait,50000.0,65000.0,70000.0,80000.0,90000.0,90000.0,95000.0,116500.0,125000.0,126300.0,124200.0,95400.0,91251.0,91223.0,98454.0,72648.0,83460.0,93465.0,1657901.0,92105.61111111111
Finland,148161.0,145700.0,125608.0,139669.0,90574.0,111968.0,126123.0,111251.0,103455.0,106237.0,108819.0,118991.0,120480.0,120480.0,114202.0,96392.0,98481.0,81674.0,2068265.0,114903.61111111111
Slovakia,56916.0,59084.0,59700.0,70040.0,74717.0,64033.0,68203.0,69268.0,65998.0,72237.0,77968.0,88165.0,96105.0,98080.0,101568.0,76305.0,75700.0,78841.0,1352928.0,75162.66666666667
Croatia,70541.0,78775.0,82664.0,88265.0,44918.0,38587.0,41561.0,31360.0,27802.0,33962.0,35715.0,44106.0,50769.0,60041.0,62977.0,36057.0,44929.0,42955.0,915984.0,50888.0
Ukraine,258395.0,361549.0,500357.0,599985.0,170085.0,169540.0,207453.0,237602.0,213322.0,97020.0,46546.0,65562.0,82330.0,81877.0,88437.0,85450.0,103262.0,37891.0,3406663.0,189259.05555555556
Bulgaria,25956.0,36455.0,43521.0,45143.0,22869.0,16257.0,19250.0,19419.0,19352.0,23500.0,23500.0,26370.0,33265.0,37506.0,35371.0,22368.0,24537.0,28684.0,503323.0,27962.38888888889
Albania,800.0,800.0,1600.0,1600.0,1000.0,1600.0,2100.0,2300.0,2300.0,2500.0,2500.0,2500.0,1370.0,2175.0,3005.0,0.0,0.0,0.0,28150.0,1563.888888888889
Algeria,71046.0,81803.0,97239.0,111753.0,131259.0,97765.0,165415.0,188990.0,222710.0,178200.0,177517.0,85300.0,97983.0,123698.0,118689.0,0.0,0.0,0.0,1949367.0,108298.16666666667
Angola,6000.0,8000.0,3500.0,3500.0,10000.0,20000.0,10000.0,17000.0,20000.0,24000.0,14700.0,5600.0,2875.0,1825.0,2080.0,0.0,0.0,0.0,149080.0,8282.222222222223
Armenia,11000.0,12000.0,6000.0,4000.0,4000.0,4000.0,4000.0,5000.0,5000.0,5200.0,2300.0,2500.0,2200.0,1200.0,970.0,0.0,0.0,0.0,69370.0,3853.8888888888887
Azerbaijan,12100.0,13000.0,15000.0,15000.0,10000.0,13000.0,10000.0,14000.0,21000.0,23300.0,9100.0,4300.0,1700.0,3200.0,6046.0,0.0,0.0,0.0,170746.0,9485.888888888889
Bahamas,2500.0,2000.0,2000.0,2000.0,3500.0,2000.0,2000.0,2500.0,2000.0,1600.0,2800.0,2700.0,1332.0,1332.0,1332.0,0.0,0.0,0.0,31596.0,1755.3333333333333
Bahrain,18000.0,18000.0,20000.0,30000.0,28000.0,29000.0,26000.0,40000.0,43500.0,49600.0,47700.0,39200.0,32439.0,31855.0,26372.0,0.0,0.0,0.0,479666.0,26648.11111111111
Bangladesh,6500.0,9000.0,12000.0,17000.0,21500.0,20700.0,20800.0,24600.0,24000.0,29300.0,28500.0,15400.0,2500.0,2750.0,3000.0,0.0,0.0,0.0,237550.0,13197.222222222223
Belarus,9000.0,13000.0,20000.0,22000.0,12000.0,15000.0,15000.0,20000.0,19600.0,22300.0,22400.0,20200.0,30659.0,48315.0,56592.0,0.0,0.0,0.0,346066.0,19225.88888888889
Belize,100.0,200.0,100.0,200.0,150.0,100.0,100.0,200.0,200.0,200.0,400.0,400.0,374.0,348.0,348.0,0.0,0.0,0.0,3420.0,190.0
Bolivia,1000.0,1500.0,1500.0,1500.0,1000.0,8000.0,9500.0,14000.0,13900.0,18500.0,12800.0,16900.0,21807.0,22612.0,20319.0,0.0,0.0,0.0,164838.0,9157.666666666666
Bosnia & Herz.,10000.0,10000.0,15000.0,13000.0,12000.0,10000.0,10000.0,10000.0,9800.0,8900.0,8700.0,9400.0,21807.0,22612.0,10038.0,0.0,0.0,0.0,181257.0,10069.833333333334
Botswana,12905.0,13073.0,16538.0,20037.0,19354.0,20972.0,25204.0,31471.0,31122.0,26500.0,3400.0,3500.0,3500.0,3531.0,1050.0,0.0,0.0,0.0,232157.0,12897.611111111111
Brunei,15000.0,15000.0,10000.0,15000.0,10000.0,10000.0,15000.0,15000.0,14700.0,18100.0,13900.0,13400.0,12052.0,12200.0,10949.0,0.0,0.0,0.0,200301.0,11127.833333333334
Burkina Faso,500.0,500.0,500.0,600.0,550.0,700.0,500.0,500.0,700.0,700.0,1100.0,1800.0,376.0,537.0,537.0,0.0,0.0,0.0,10100.0,561.1111111111111
Burma,1000.0,1000.0,1000.0,1200.0,1500.0,1800.0,1800.0,2100.0,2000.0,1000.0,1000.0,1300.0,2113.0,4531.0,7167.0,0.0,0.0,0.0,30511.0,1695.0555555555557
Burundi,500.0,500.0,600.0,700.0,700.0,300.0,200.0,210.0,210.0,200.0,200.0,400.0,14.0,10.0,10.0,0.0,0.0,0.0,4754.0,264.1111111111111
Cambodia,1000.0,1000.0,1500.0,1500.0,1500.0,1500.0,2000.0,2000.0,2000.0,2400.0,1000.0,800.0,838.0,811.0,1275.0,0.0,0.0,0.0,21124.0,1173.5555555555557
Cameroon,1300.0,1400.0,1400.0,1400.0,1400.0,1400.0,1400.0,1900.0,2400.0,2300.0,1700.0,1900.0,1538.0,1529.0,1529.0,0.0,0.0,0.0,24496.0,1360.888888888889
Costa Rica,13000.0,15000.0,13000.0,15000.0,12000.0,20000.0,30000.0,30000.0,29800.0,35200.0,41800.0,48300.0,41330.0,33352.0,30825.0,0.0,0.0,0.0,408607.0,22700.38888888889
Cuba,2000.0,2000.0,3000.0,3000.0,1500.0,2000.0,3000.0,4000.0,4000.0,4000.0,4000.0,5900.0,4386.0,4470.0,2280.0,0.0,0.0,0.0,49536.0,2752.0
Cyprus,17687.0,18639.0,22878.0,22241.0,14981.0,14088.0,13480.0,10123.0,7000.0,8276.0,10344.0,12643.0,13127.0,13135.0,12438.0,0.0,0.0,0.0,211080.0,11726.666666666666
Domin. Rep.,16000.0,16000.0,18000.0,20000.0,8000.0,15000.0,15000.0,15000.0,14900.0,17400.0,5061.0,4204.0,24.0,108.0,12606.0,0.0,0.0,0.0,177303.0,9850.166666666666
Dr Congo,0.0,0.0,0.0,0.0,0.0,0.0,0.0,0.0,0.0,0.0,2000.0,1700.0,245.0,309.0,346.0,0.0,0.0,0.0,4600.0,255.55555555555554
El Salvador,4000.0,6000.0,8000.0,10000.0,2000.0,3000.0,3000.0,5000.0,5000.0,5000.0,5400.0,4600.0,7036.0,7501.0,6400.0,0.0,0.0,0.0,81937.0,4552.055555555556
Estonia,19640.0,25363.0,30912.0,24579.0,9946.0,10295.0,17070.0,19424.0,19694.0,20969.0,20347.0,22429.0,25618.0,26297.0,32132.0,0.0,0.0,0.0,324715.0,18039.722222222223
Gabon,800.0,1000.0,1200.0,2500.0,2000.0,2000.0,2000.0,3500.0,3000.0,2900.0,1700.0,1700.0,973.0,993.0,1278.0,0.0,0.0,0.0,27544.0,1530.2222222222222
Georgia,1500.0,2000.0,6000.0,8000.0,1000.0,4000.0,3000.0,4000.0,4000.0,4300.0,3300.0,3400.0,2550.0,2800.0,2804.0,0.0,0.0,0.0,52654.0,2925.222222222222
Ghana,2500.0,3000.0,3500.0,3500.0,4500.0,4000.0,6000.0,6500.0,6600.0,6900.0,3600.0,4200.0,4066.0,4268.0,3394.0,0.0,0.0,0.0,66528.0,3696.0
Guatemala,8100.0,9400.0,12100.0,12800.0,13000.0,14100.0,15000.0,16000.0,15900.0,17300.0,18100.0,16600.0,14349.0,14360.0,13407.0,0.0,0.0,0.0,210516.0,11695.333333333334
Guyana,4085.0,4071.0,4437.0,4357.0,4446.0,4393.0,4719.0,4357.0,4256.0,4248.0,4414.0,0.0,4858.0,5373.0,5450.0,0.0,0.0,0.0,63464.0,3525.777777777778
Honduras,4800.0,5600.0,7100.0,8000.0,6000.0,1000.0,1000.0,1000.0,1000.0,1300.0,900.0,800.0,9766.0,10321.0,9508.0,0.0,0.0,0.0,68095.0,3783.0555555555557
Hong Kong,27483.0,27877.0,33462.0,35182.0,28797.0,41638.0,44845.0,45283.0,46147.0,48500.0,44261.0,36304.0,37298.0,34596.0,29117.0,0.0,0.0,0.0,560790.0,31155.0
Iceland,18060.0,17129.0,15942.0,9033.0,2113.0,3106.0,5038.0,7902.0,7274.0,9536.0,14004.0,18442.0,21324.0,17976.0,11692.0,0.0,0.0,0.0,178571.0,9920.611111111111
Iran,730000.0,850000.0,900000.0,1000000.0,1100000.0,1410403.0,1452965.0,901268.0,691709.0,1106700.0,1055400.0,1320300.0,1361456.0,912563.0,51103.0,0.0,0.0,0.0,14843867.0,824659.2777777778
Iraq,2000.0,5000.0,4000.0,20000.0,35000.0,65000.0,71500.0,80000.0,78200.0,61000.0,33500.0,16000.0,16766.0,32309.0,619028.0,0.0,0.0,0.0,1139303.0,63294.61111111111
Ivory Coast,2000.0,2500.0,2000.0,2500.0,3000.0,3500.0,3500.0,5000.0,4000.0,4300.0,4500.0,4300.0,5552.0,6075.0,7522.0,0.0,0.0,0.0,60249.0,3347.1666666666665
Jamaica,3000.0,3000.0,3000.0,3000.0,4000.0,2000.0,2000.0,2000.0,2000.0,2300.0,2300.0,2000.0,1887.0,5232.0,5232.0,0.0,0.0,0.0,42951.0,2386.1666666666665
Jordan,10000.0,5000.0,5000.0,9000.0,10500.0,10000.0,11000.0,11500.0,14500.0,15700.0,14700.0,12400.0,12780.0,13166.0,14000.0,0.0,106304.0,0.0,275550.0,15308.333333333334
Kenya,2000.0,3000.0,2000.0,2000.0,5000.0,4000.0,4000.0,2000.0,2500.0,3000.0,2900.0,2400.0,2124.0,2861.0,2307.0,0.0,0.0,0.0,42092.0,2338.4444444444443
Kyrgyzstan,5000.0,5000.0,5000.0,4000.0,4500.0,4000.0,5000.0,4000.0,4000.0,4000.0,4000.0,1800.0,2000.0,2100.0,1348.0,0.0,0.0,0.0,55748.0,3097.1111111111113
Laos,1000.0,1000.0,1500.0,2000.0,3000.0,4000.0,4000.0,5000.0,6000.0,9800.0,5600.0,4200.0,3410.0,3741.0,4064.0,0.0,0.0,0.0,58315.0,3239.722222222222
Latvia,10467.0,14234.0,21606.0,22217.0,7515.0,7970.0,13234.0,10665.0,10636.0,12452.0,13765.0,16359.0,16698.0,16878.0,16974.0,0.0,0.0,0.0,211670.0,11759.444444444445
Lebanon,15000.0,15000.0,20000.0,33000.0,32000.0,33000.0,31000.0,35500.0,35500.0,38300.0,38700.0,35600.0,37221.0,33012.0,22086.0,0.0,0.0,0.0,454919.0,25273.277777777777
Liberia,300.0,200.0,300.0,300.0,200.0,300.0,200.0,210.0,210.0,200.0,200.0,300.0,224.0,80.0,68.0,0.0,0.0,0.0,3292.0,182.88888888888889
Libya,35000.0,35000.0,36000.0,37000.0,37500.0,38000.0,39000.0,20000.0,30000.0,30000.0,38500.0,31600.0,11000.0,12500.0,16100.0,0.0,0.0,0.0,447200.0,24844.444444444445
Lithuania,16602.0,25582.0,32771.0,19831.0,5367.0,6365.0,10980.0,12165.0,12163.0,14503.0,17085.0,20320.0,25836.0,32382.0,43109.0,0.0,0.0,0.0,295061.0,16392.277777777777
Luxembourg,48517.0,50837.0,51332.0,52359.0,47265.0,49726.0,49881.0,50398.0,46624.0,49793.0,46473.0,50561.0,52775.0,52786.0,54938.0,0.0,0.0,0.0,754265.0,41903.61111111111
Madagascar,930.0,1100.0,1100.0,1000.0,900.0,900.0,1100.0,1200.0,1200.0,1600.0,1200.0,800.0,1199.0,1138.0,1043.0,0.0,0.0,0.0,16410.0,911.6666666666666
Malawi,930.0,1100.0,1100.0,1000.0,1000.0,1500.0,1500.0,1000.0,1000.0,1100.0,1200.0,1500.0,569.0,724.0,598.0,0.0,0.0,0.0,15821.0,878.9444444444445
Malta,6552.0,6745.0,6240.0,5423.0,5894.0,4056.0,5428.0,5884.0,5749.0,6451.0,7121.0,7333.0,7825.0,8128.0,7621.0,0.0,0.0,0.0,96450.0,5358.333333333333
Mauritius,2900.0,3500.0,4000.0,4000.0,3000.0,4000.0,3000.0,7000.0,7500.0,8600.0,8000.0,8700.0,8753.0,8288.0,7722.0,0.0,0.0,0.0,88963.0,4942.388888888889
Moldova,4000.0,5000.0,7000.0,11000.0,4000.0,5000.0,5500.0,5000.0,5000.0,5600.0,3700.0,4300.0,5260.0,5960.0,6406.0,0.0,0.0,0.0,82726.0,4595.888888888889
Mongolia,500.0,500.0,1000.0,3000.0,3000.0,3000.0,3000.0,2000.0,1500.0,1100.0,700.0,1300.0,5260.0,5960.0,2970.0,0.0,0.0,0.0,34790.0,1932.7777777777778
N. Caledonia,7397.0,7251.0,7717.0,7853.0,7246.0,7354.0,7525.0,7250.0,6272.0,6469.0,6068.0,5662.0,5921.0,5571.0,5818.0,0.0,0.0,0.0,101374.0,5631.888888888889
Nepal,1000.0,1000.0,2000.0,1500.0,2000.0,1000.0,3000.0,3600.0,3500.0,5300.0,4000.0,6400.0,7445.0,6759.0,7505.0,0.0,0.0,0.0,56009.0,3111.6111111111113
Nicaragua,3000.0,6000.0,6000.0,6000.0,4000.0,3000.0,3000.0,3000.0,4000.0,5200.0,4800.0,5400.0,7699.0,9567.0,1296.0,0.0,0.0,0.0,71962.0,3997.8888888888887
Nigeria,16000.0,22000.0,7000.0,7000.0,34000.0,25000.0,30000.0,40000.0,40000.0,42000.0,15600.0,19200.0,4700.0,8550.0,5100.0,0.0,0.0,0.0,316150.0,17563.88888888889
North Macedonia,9300.0,10000.0,10200.0,10500.0,6000.0,8500.0,8500.0,5000.0,2000.0,2700.0,3200.0,3800.0,3273.0,3885.0,4060.0,0.0,0.0,0.0,90918.0,5051.0
Oman,147500.0,144700.0,146300.0,145000.0,105000.0,115000.0,115000.0,130000.0,140000.0,138600.0,121100.0,115700.0,63789.0,49777.0,49924.0,0.0,0.0,0.0,1727390.0,95966.11111111111
Palestine,13500.0,15700.0,16400.0,18400.0,13400.0,17400.0,19700.0,21600.0,21100.0,21100.0,21100.0,21100.0,496.0,146.0,109.0,0.0,0.0,0.0,221251.0,12291.722222222223
Panama,10000.0,15000.0,22000.0,30000.0,25000.0,30000.0,35000.0,40000.0,39800.0,43000.0,46700.0,46200.0,44009.0,36401.0,39049.0,0.0,0.0,0.0,502159.0,27897.722222222223
Paraguay,3000.0,5000.0,6000.0,12000.0,7000.0,11000.0,20000.0,20000.0,19900.0,21500.0,18700.0,16000.0,18848.0,25204.0,20599.0,0.0,0.0,0.0,224751.0,12486.166666666666
Puerto Rico,96000.0,85000.0,92000.0,65000.0,65000.0,45000.0,55000.0,55000.0,54700.0,58500.0,49000.0,66500.0,84470.0,73080.0,82607.0,0.0,85486.0,0.0,1112343.0,61796.833333333336
Qatar,61100.0,59900.0,60500.0,60000.0,40000.0,40000.0,45000.0,60000.0,65000.0,71500.0,69200.0,50200.0,41176.0,38816.0,39679.0,0.0,0.0,0.0,802071.0,44559.5
R. Of Congo,200.0,200.0,200.0,500.0,1500.0,1500.0,1500.0,1500.0,1500.0,1500.0,1600.0,0.0,0.0,0.0,0.0,0.0,0.0,0.0,11700.0,650.0
Senegal,3000.0,3000.0,3000.0,3000.0,4000.0,4000.0,3500.0,4000.0,4000.0,4500.0,3700.0,4400.0,3773.0,3558.0,3320.0,0.0,0.0,0.0,54751.0,3041.722222222222
Serbia,21603.0,25610.0,32772.0,36177.0,30000.0,28951.0,22181.0,22800.0,23000.0,23900.0,21700.0,23300.0,22090.0,24006.0,25514.0,0.0,0.0,0.0,383604.0,21311.333333333332
Singapore,109167.0,116849.0,110814.0,100979.0,73183.0,47273.0,33493.0,32724.0,27955.0,32807.0,61512.0,91096.0,94692.0,81625.0,76476.0,0.0,0.0,0.0,1090645.0,60591.38888888889
Slovenia,59324.0,59578.0,68719.0,71575.0,57967.0,61142.0,60193.0,50091.0,52268.0,53296.0,59450.0,63674.0,62522.0,65115.0,70904.0,0.0,0.0,0.0,915818.0,50878.77777777778
Sri Lanka,2600.0,2800.0,2900.0,3000.0,3000.0,2000.0,7000.0,8000.0,10000.0,13800.0,12500.0,26300.0,11796.0,10981.0,8100.0,0.0,0.0,0.0,124777.0,6932.055555555556
Sudan,2000.0,2000.0,2500.0,3000.0,7000.0,2000.0,2000.0,2000.0,1500.0,1800.0,2200.0,0.0,1450.0,1140.0,996.0,0.0,0.0,0.0,31586.0,1754.7777777777778
Syria,32985.0,45467.0,36000.0,42000.0,46000.0,78147.0,33160.0,36300.0,35500.0,33400.0,33400.0,33400.0,4500.0,6996.0,11428.0,0.0,0.0,0.0,508683.0,28260.166666666668
Tajikistan,5300.0,5700.0,5800.0,6000.0,7000.0,6500.0,7500.0,6000.0,6000.0,6100.0,6100.0,1900.0,2000.0,2200.0,2200.0,0.0,0.0,0.0,76300.0,4238.888888888889
Tanzania,2000.0,2000.0,2000.0,2000.0,2000.0,2000.0,3000.0,3000.0,3500.0,1000.0,2600.0,2300.0,938.0,998.0,675.0,0.0,0.0,0.0,30011.0,1667.2777777777778
Tr.&Tobago,10000.0,10000.0,5000.0,10000.0,10000.0,10000.0,10000.0,8000.0,8000.0,6300.0,10500.0,13900.0,9840.0,9712.0,10707.0,0.0,0.0,0.0,141959.0,7886.611111111111
Tunisia,25000.0,30000.0,30000.0,33000.0,35000.0,45000.0,35000.0,37000.0,35000.0,37100.0,36100.0,36400.0,45886.0,35343.0,34387.0,0.0,0.0,0.0,530216.0,29456.444444444445
Turkmenistan,3900.0,4200.0,4300.0,4500.0,4500.0,4500.0,5000.0,4500.0,4500.0,4600.0,4600.0,4500.0,4800.0,5100.0,5225.0,0.0,0.0,0.0,68725.0,3818.0555555555557
Uganda,3000.0,3500.0,3000.0,3000.0,3000.0,3000.0,3000.0,3000.0,3000.0,3000.0,2200.0,2900.0,721.0,770.0,832.0,0.0,0.0,0.0,37923.0,2106.8333333333335
Uruguay,10000.0,10000.0,12000.0,15000.0,30000.0,40000.0,38308.0,38109.0,41785.0,40171.0,39472.0,35924.0,41549.0,34377.0,30063.0,0.0,0.0,0.0,456758.0,25375.444444444445
Venezuela,128601.0,184108.0,267932.0,135882.0,67047.0,68210.0,65339.0,60776.0,43887.0,10400.0,7700.0,3200.0,2500.0,1159.0,3000.0,0.0,0.0,0.0,1049741.0,58318.944444444445
Yemen,4000.0,4700.0,4800.0,5000.0,5000.0,2000.0,2000.0,2000.0,2000.0,2500.0,2300.0,1100.0,828.0,552.0,552.0,0.0,0.0,0.0,39332.0,2185.1111111111113
Zambia,2300.0,2700.0,2800.0,2600.0,3000.0,2000.0,2000.0,2000.0,2000.0,2000.0,1700.0,2300.0,848.0,1118.0,1094.0,0.0,0.0,0.0,30460.0,1692.2222222222222
Zimbabwe,7000.0,6000.0,3000.0,3000.0,3000.0,2000.0,3000.0,3000.0,3000.0,4100.0,1500.0,1300.0,1094.0,906.0,532.0,0.0,0.0,0.0,42432.0,2357.3333333333335
